{"data": {"17": {"0.1": {"ler": 50000.0, "run_count": 10118983.0, "wer": 0, "n_error_models": 100, "total_run_count_all_models": 10118983.0, "n_files": 100, "ler_list": [0.0044144263452964285, 0.006111647577954065, 0.00532045074858742, 0.004452002956129963, 0.005596785206577342, 0.005076605984303134, 0.004071860188608564, 0.0051055313326457885, 0.004989422424460144, 0.004760725915487593, 0.004947604864485103, 0.004223829154558357, 0.005235547271756316, 0.00501856870420556, 0.004164688439657829, 0.004889592990279489, 0.004702253319790844, 0.005079752108097125, 0.005061087324000688, 0.004231478817217041, 0.004753484303994828, 0.004225328308009532, 0.0045401302109344495, 0.005263213296982074, 0.005044339746370597, 0.005498493412804891, 0.004379971267388486, 0.005241804438759999, 0.004736732412512552, 0.0057309217614561125, 0.005482997225603404, 0.005538263865043586, 0.005005556167345754, 0.005232205269877148, 0.005152461330777712, 0.005551915966199935, 0.004585389116120394, 0.005494626255522099, 0.005691195720220818, 0.005471297572932397, 0.004520100888651834, 0.0046520282843319685, 0.0047401901764298785, 0.00473095082649711, 0.0055789873022249, 0.00427313904794462, 0.00513289053597643, 0.004833019187086173, 0.004250760886198629, 0.00509133861474859, 0.00517748415689848, 0.004655883640156065, 0.005302226935312832, 0.004769263053472977, 0.004420866489832007, 0.004601255222424677, 0.006389123156737969, 0.004328067517853278, 0.004972848248562847, 0.005203942506843184, 0.004564876017967352, 0.004468674591116275, 0.00460337335199234, 0.005368262830148164, 0.004185851820845542, 0.004471551986263392, 0.004758415257382681, 0.0046795447738843966, 0.004951083297025389, 0.005280667476369013, 0.004944766953133499, 0.0049756689786941855, 0.005083677328832584, 0.005921013677541595, 0.004304741242003943, 0.005052240163288402, 0.004727506523959003, 0.005790924463181303, 0.005563653762699039, 0.004917339522624679, 0.0052317125487857195, 0.005312141430453444, 0.005708414202534536, 0.004294499604906036, 0.00533931336430135, 0.005485282985749235, 0.00414119829713926, 0.004948780125699015, 0.00432417473125254, 0.005542868545329579, 0.004924992366261832, 0.004831524732575106, 0.005015346961702811, 0.0056571325126719765, 0.005916739639788891, 0.004436478500825185, 0.005287927661149596, 0.005414126538965469, 0.005379930706492501, 0.005463107634146608], "ler_eb": 4.9546928660771935e-05}, "N": 545}, "21": {"0.1": {"ler": 50000.0, "run_count": 25685583.0, "wer": 0, "n_error_models": 100, "total_run_count_all_models": 25685583.0, "n_files": 100, "ler_list": [0.0018054452227919404, 0.0019288783957904158, 0.0021830247991617186, 0.0016912918763868593, 0.002027903958468527, 0.0018364258745060015, 0.0017814070978384407, 0.0019870128837915385, 0.001925973290602406, 0.0016991775980425474, 0.0018478550099045028, 0.0019778950449773334, 0.0017919412816680823, 0.002337923456386038, 0.0017947521447288129, 0.0015900425177369244, 0.0021692444521573136, 0.001442281342937004, 0.002001505131859158, 0.002013620126535889, 0.0019872261105613118, 0.0018237459011310872, 0.0017324897263359229, 0.0017909656528607093, 0.0019892975790248464, 0.0019996560591578247, 0.0021104170184028364, 0.0017657611843313414, 0.002335226423554028, 0.0017493221376716523, 0.0026191723415400735, 0.0020551689554398267, 0.0014676787779519423, 0.002105387264933512, 0.002273750460434468, 0.0018627732222623752, 0.0018842824464015858, 0.0018770248405467398, 0.002166021192351346, 0.0022675222784063853, 0.001678838243935197, 0.002092593057613272, 0.001846387911329067, 0.0020769898601355028, 0.0016986465184540957, 0.002670940170940171, 0.0017656427116034509, 0.00177725960786544, 0.002071808896347401, 0.0021357207844075296, 0.002003277361763846, 0.0022761829322699005, 0.0015893652393107242, 0.0018124347523489155, 0.002050306315763575, 0.0022008107786908697, 0.0022147020782764303, 0.0017536475869809204, 0.0021286740914818977, 0.002154067525708796, 0.001844977601971912, 0.0019389840499172053, 0.0020250621694086006, 0.002303383209257758, 0.0019561968403508634, 0.0020087581856896067, 0.0022521609484300186, 0.0021115221540904407, 0.0018404072453152434, 0.0019488998460369122, 0.0017753664356323145, 0.0018646905918900877, 0.002036991770553247, 0.0017833577058886472, 0.001875025781604497, 0.0019037973141227493, 0.0022044105846978634, 0.001959032708010093, 0.002311251635210532, 0.0024822518989227028, 0.0020252180147192845, 0.0023703759890393813, 0.0021113259971792687, 0.0020136768934603828, 0.0021325599249338908, 0.001794108148839212, 0.0023074438137431355, 0.0020979226370048377, 0.0022624741512328223, 0.002088929924756744, 0.0016863520158651997, 0.0018426522399280628, 0.0015278792119810176, 0.001961553550411926, 0.0016160884840766801, 0.001671463767679908, 0.0018990322531637878, 0.001911409970678971, 0.001942026621300925, 0.0019491581585913045], "ler_eb": 2.3249922566986348e-05}, "N": 841}, "25": {"0.1": {"ler": 50000.0, "run_count": 63977258.0, "wer": 0, "n_error_models": 100, "total_run_count_all_models": 63977258.0, "n_files": 100, "ler_list": [0.0008174088466524655, 0.0009303554516038397, 0.0007411568866074433, 0.0007373826455519604, 0.0008894502308123349, 0.0008155848477384648, 0.0008377637070708932, 0.0007446038558566072, 0.0007262269604496797, 0.0008516132109054181, 0.0008587774787323757, 0.0008550370231031004, 0.0008562802159881217, 0.000671632267900679, 0.0008370638478820611, 0.0008246878556466378, 0.0006534854298888552, 0.0008880095620869646, 0.0008041571709107402, 0.0008023621541819115, 0.0007618235007313506, 0.0007239074788329453, 0.0009249855239765498, 0.0007544277363848426, 0.0008996106485113243, 0.0005775939745396576, 0.0008387305645159937, 0.0009258333425916668, 0.0007912531709470826, 0.0007195424861056346, 0.000818992769931827, 0.000829191521682529, 0.0007501357745751981, 0.0007689539458102775, 0.00079402385882891, 0.0008278145695364238, 0.0009342476503671594, 0.0007828291131015846, 0.0008356829953552739, 0.0007235628233421367, 0.0008971506495370703, 0.000896377023347036, 0.0008100301169197471, 0.0006861694317007533, 0.0007007865628381295, 0.000847084335716464, 0.0006582143172145424, 0.0007908539324420937, 0.0007510620016703619, 0.0007277766133351964, 0.0009783089343085116, 0.0008346980646690672, 0.0008329057750354818, 0.0008511130856934699, 0.0006749232274828738, 0.0007222239876586365, 0.0007952248339172935, 0.0007444298039916326, 0.0008398999511178228, 0.0008257515577803138, 0.0008863142444880117, 0.0007302297594915264, 0.0008969687836923899, 0.0006795546470664985, 0.0007882419524437866, 0.0007125887351122399, 0.0007145756278261466, 0.0007860275738472906, 0.0006481536694571843, 0.0006448110123403932, 0.0008955389622136291, 0.0006721929892959988, 0.0006439141739675802, 0.0007230093383886146, 0.0007098924938807267, 0.0007573519944864775, 0.0008710604115237809, 0.0008715417224453369, 0.000761919855174274, 0.0008188868052769066, 0.000894518391298125, 0.0008690770228202244, 0.0008662643734916171, 0.0007618989569603279, 0.0008526501218437024, 0.0007844035473866027, 0.0007442137381856069, 0.0007853152333878342, 0.000907691413965377, 0.0007354282251469385, 0.0006826283375405993, 0.0008763243451666331, 0.0007884283941448154, 0.0007121320235801156, 0.0007215236270126902, 0.0007427555339001053, 0.000842856203674516, 0.000666408100323741, 0.0006844121036911713, 0.0008924969565853781], "ler_eb": 8.195067982586827e-06}, "N": 1201}, "29": {"0.1": {"ler": 50000.0, "run_count": 163322281.0, "wer": 0, "n_error_models": 100, "total_run_count_all_models": 163322281.0, "n_files": 100,