{"data": {"17": {"0.1": {"ler": 50000.0, "run_count": 4286684.0, "wer": 0, "n_error_models": 100, "total_run_count_all_models": 4286684.0, "n_files": 100, "ler_list": [0.010708013877585985, 0.011125698137558131, 0.010117361392148928, 0.011350737797956867, 0.013229613166111024, 0.013285152513550856, 0.012439048661558365, 0.008858180529719196, 0.013989144423927033, 0.012831370133702877, 0.013282329189246626, 0.014552651493102043, 0.0118206104163219, 0.009213532837031031, 0.011366994793916384, 0.010395874916833001, 0.011064639624687424, 0.011087457867660104, 0.011763321962122103, 0.011403288708463521, 0.012325896708985578, 0.010779811568893776, 0.012823143208863356, 0.011595816229504395, 0.01224739742804654, 0.012903558801517459, 0.010833297222342593, 0.010746910263299301, 0.010808006571267995, 0.012221054432576442, 0.014035087719298246, 0.011666977786074294, 0.010503760346203941, 0.013043931962850882, 0.011764982705475423, 0.012792304149823467, 0.011788282447247436, 0.013602111047634593, 0.011334784185709105, 0.013211086743995562, 0.010353896171129195, 0.01285148820233383, 0.013220518244315178, 0.011290759642308735, 0.009169432778888298, 0.013314870046868342, 0.013665682737509566, 0.0103753812952626, 0.011767751653369107, 0.011754196248060558, 0.013700131521262603, 0.012202562538133009, 0.012130033964095099, 0.012664319546110787, 0.011455541045203564, 0.012273251675298854, 0.010784694361761788, 0.013239772275916854, 0.009813735303931382, 0.0135464643727987, 0.01194628948248674, 0.011266082332529686, 0.010446046171524078, 0.01269003324788711, 0.012341108231519191, 0.010967317394165387, 0.00940114693992667, 0.010670991975414034, 0.012796887796887797, 0.010771683398681547, 0.010467039293265507, 0.011994434582353788, 0.010902509757746233, 0.012066510606462823, 0.01254736630781199, 0.012085468432756454, 0.015530844256693793, 0.012025590456491413, 0.009837871871556745, 0.014402166085779301, 0.012602076822260309, 0.013232764324467381, 0.011798853151473677, 0.009782247177821689, 0.01082157388970652, 0.010836114602748038, 0.01078167115902965, 0.013477088948787063, 0.012562182804884177, 0.010733529399137024, 0.011235702568481607, 0.010534299679757289, 0.012906889697720643, 0.012244398187829068, 0.009544899205864385, 0.011489234587191801, 0.012033694344163659, 0.011021955735825765, 0.011918382913806255, 0.011294585375770855], "ler_eb": 0.00012932284752416277}, "N": 545}, "21": {"0.1": {"ler": 50000.0, "run_count": 8656397.0, "wer": 0, "n_error_models": 100, "total_run_count_all_models": 8656397.0, "n_files": 100, "ler_list": [0.0044905070680581255, 0.005676979846721544, 0.006027945555595742, 0.006147263852859092, 0.005518702884074128, 0.006267941983928996, 0.006730199752328649, 0.007179060117449424, 0.005791192754059626, 0.005676270917058329, 0.006576005471236552, 0.00547663121460727, 0.006303342031945338, 0.005179951515653813, 0.007238508867173362, 0.005520896593606802, 0.0056990448400848015, 0.0063902663463013135, 0.00562429696287964, 0.007010656197420078, 0.0057256060554009645, 0.005337660396694921, 0.006198628863295439, 0.005700539271015038, 0.006040763069190901, 0.006846970215679562, 0.006133689905173154, 0.006803554176701909, 0.006929238615260955, 0.005374841442177456, 0.006092508651362285, 0.004603288589368245, 0.005284741893205936, 0.0064273961332784865, 0.005878272728341504, 0.005042559199645004, 0.00539356870867178, 0.006369264477338157, 0.00516945472591551, 0.006907985631389887, 0.006538768357592164, 0.006019165021428227, 0.006832467887400929, 0.005198207657999522, 0.004592633416000735, 0.004769354038689, 0.0056657223796034, 0.004505275677818726, 0.0056471651231082, 0.0062783309684953355, 0.006709788239083175, 0.006464124111182934, 0.006632267306901537, 0.006003482019571352, 0.0054338375934620065, 0.006456278084809669, 0.0053083064379140475, 0.005693658403270438, 0.0053971783551559245, 0.005486607191844707, 0.005947920012371674, 0.005797504753953899, 0.007023261040566356, 0.0065617659024396644, 0.005259116678762635, 0.006016123210203345, 0.00600817111271329, 0.004712846276380157, 0.006255317019466546, 0.006628398711439291, 0.006260094402223586, 0.00538618980932888, 0.006370806416676223, 0.0048021052429385045, 0.0059813620757718945, 0.004624576851218113, 0.00474743638435245, 0.005293021680216802, 0.005132310976986717, 0.005719318714754698, 0.00595699052838506, 0.00577634011090573, 0.004826021910139472, 0.005171219063181955, 0.004928050463236744, 0.005356875013392187, 0.006270536005417743, 0.005712261941483589, 0.006250703204110463, 0.005767411816273329, 0.006546816283241459, 0.0058545267200599506, 0.00577680727415572, 0.005689188266618119, 0.006593174745503455, 0.006497050339146028, 0.006743543057522422, 0.007241653993772177, 0.004983305925150745, 0.004907590078815896], "ler_eb": 6.898875160862474e-05}, "N": 841}, "25": {"0.1": {"ler": 50000.0, "run_count": 17651259.0, "wer": 0, "n_error_models": 100, "total_run_count_all_models": 17651259.0, "n_files": 100, "ler_list": [0.002703433360367667, 0.0032092632173505607, 0.0030010923976327383, 0.0027858722844709906, 0.0027533039647577094, 0.00316491752224937, 0.0028107889322375006, 0.0026971625849606215, 0.002399278297088236, 0.0031675641431738993, 0.0027509256864935053, 0.0019872024164381383, 0.003030890839435527, 0.002811848002744364, 0.003063124877475005, 0.0025234045774559033, 0.0033633342750669305, 0.002603312454767446, 0.0034164673727365906, 0.00321163382235811, 0.0026360880453407142, 0.0028782776386610254, 0.002729376828682475, 0.0033257948649727284, 0.0030911518868391116, 0.0026863089577658507, 0.0031612356637962646, 0.003065923486813463, 0.003050882620342065, 0.002630443703243863, 0.0026694856435062093, 0.0032758315698440048, 0.003029128095768914, 0.0029257046559663896, 0.0025520750922575146, 0.002596768581177583, 0.0027007173105176737, 0.0024526034385500208, 0.0030024620188554615, 0.0033543764549607874, 0.0028099201420695623, 0.002778719454926392, 0.0026986474379041225, 0.0024371816431478636, 0.0026803758959156434, 0.0021937040693210488, 0.003449869939903266, 0.0026628605513186487, 0.0026822883138062745, 0.0024898290483375413, 0.0022991148407862975, 0.0024537829972468557, 0.0028932338832406536, 0.0031263286896931197, 0.002394223218219081, 0.0030065783935250326, 0.003263025999791166, 0.0026462026991267533, 0.002531748121442894, 0.0031381212695583407, 0.002762980482305873, 0.0034944996575390335, 0.003133597808988412, 0.0025250612327348937, 0.0025369764314889516, 0.0027748025727969455, 0.0024595042623208867, 0.0033305356833593113, 0.0029640168356156265, 0.002991718922023838, 0.0027033018128341958, 0.0031605562579013905, 0.003041381030298238, 0.003314594823928723, 0.002504044031110243, 0.0031615954675367377, 0.0031478613430035635, 0.0030215314329914973, 0.0025700862520946204, 0.002801434334379202, 0.002739095660176836, 0.0030062168564591574, 0.003233943470668133, 0.0028669560380961117, 0.00319642000958926, 0.002946254426747276, 0.003155211146729939, 0.002629461538866071, 0.0027438304971272097, 0.0024964425693386923, 0.0029315196998123826, 0.0030711587481956942, 0.0028473155508986128, 0.0027943263996780938, 0.00316573910510887, 0.003430720039521895, 0.002697555475228348, 0.0028670382348218995, 0.003000804215529762, 0.0024947485542932126], "ler_eb": 3.0723297490732525e-05}, "N": 1201}, "29": {"0.1": {"ler": 50000.0, "run_count": 36348610.0, "wer": 0, "n_error_models": 100, "total_run_count_all_models": 36348610.0, "n_files": 100,